TP,FP,FN,TN,Recall,Precision,F-Measure,Specificity,RAND,NMI
41188,24,22415,12408888,0.64757952,0.99941765,0.78591805,0.99999807,0.99820092,0.77731542
