TP,FP,FN,TN,Recall,Precision,F-Measure,Specificity,RAND,NMI
16843,0,2866,3104041,0.8545842,1.0,0.92159116,1.0,0.99908251,0.86867334
