TP,FP,FN,TN,Recall,Precision,F-Measure,Specificity,RAND,NMI
17698,754,4490,12459564,0.79763836,0.95913722,0.87096457,0.99993949,0.99957989,0.88954667
