TP,FP,FN,TN,Recall,Precision,F-Measure,Specificity,RAND,NMI
8905,90,2005,3112750,0.81622365,0.98999444,0.89475006,0.99997109,0.99932933,0.88887453
