TP,FP,FN,TN,Recall,Precision,F-Measure,Specificity,RAND,NMI
16037,2499,587,12478377,0.96468961,0.86518127,0.91222981,0.99979977,0.99975307,0.85145469
