TP,FP,FN,TN,Recall,Precision,F-Measure,Specificity,RAND,NMI
4172,598,198,3121282,0.95469108,0.87463312,0.91291028,0.99980845,0.99974538,0.91021613
